Producto,ID de producto,Idioma,Etiqueta de feed,Descripción,Datos importantes,Añadir a la descripción
Keyra ACONDICIONADOR BI FASE KERATINA 500MLUnidad,3517790649346740365,es,ES,"Acondicionador Bi-Fase EL PRODUCTO Acondicionador en 2 fases sin aclarado , que facilita el peinado, proporciona reparación de la fibra capilar y evita el encrespamiento. Tu cabello estará más sano y brillante desde la primera aplicación. Resultados visibles inmediatamente. BENEFICIOS DEL PRODUCTO Acondiciona, Nutre, Hidrata y Reestructura el cabello. Producto formulado a base de siliconas que forman un fuerte film protector , que ayuda a prevenir al cabello contra las agresiones externas. Tiene propiedades antiestáticas , mejorando así la peinabilidad, mientras que contribuyen a aumentar el esplendor y la suavidad del cabello. Aporta brillo, flexibilidad y volumen, sin dejar un efecto graso. APLICACIÓN Antes de usar es preciso agitar el envase, de modo que las dos capas se mezclan formando temporalmente una emulsión. Seguidamente vaporizar el cabello con el producto. Consiguiendo de inmediato un efecto acondicionador. No necesita aclarado. FORMATOS DISPONIBLES : Botella 500 ml.",,"Fórmula, Ingrediente, Beneficios"
Glossco MASCARILLA COLOR RED 100ML.Unidad,15945542599122188698,es,ES,"COLOR BEAT LIVING HAIR COLOR REFRESCA, MEZCLA Y CUIDA TU CABELLO CON CADA NUEVO LOOK DE COLOR. CREA Y PERSONALIZA TU COLOR CON LOS TONOS FANTASÍA Y DELICIOSOS PASTELES. SUMÉRGETE EN UN UNIVERSO EN EL QUE CUALQUIER COLOR ES POSIBLE. Color Beat es la nueva coloración cosmética de Glossco Professional. Una coloración semipermanente en crema que aporta un tratamiento de nutrición total para tu cabello y le aporta un brillo y una suavidad extraordinarios. Tu cabello más sano que nunca con una coloración libre de amoníaco, sin peróxido, sin sulfatos y libre de PPD. Enriquecida con aceite de Gardenia y Coco, la coloración Color Beat hidrata, nutre y suaviza tu cabello como si de una mascarilla capilar reestructurante se tratara. Este complejo oleoso compuesto de triglicéridos conserva una elevada afinidad con las proteínas del cabello y, debido a su bajo peso molecular y a su estructura de cadena lineal, es capaz de penetrar las capas más profundas de las fibras capilares. COLORACIÓN VIVA Colores vivos, refrescos y tonos fantasía. En 100 ml. FANTASY Nueve colores, múltiples opciones. Colores fantasía en toda su expresión. Aplícalos en su versión pura 100% o su versión mix mezcándolos con Clear & Gloss. Todos son personalizables en grado de color. Podrás crear deliciosos tonos pasteles. También puedes mezclarlos entre sí y crear colores inéditos. MODO DE EMPLEO Aplicar directamente sobre el cabello lavado y secado con una toalla. Distribuir la crema por el cabello con un peine, con los dedos o con bol y paletina. Se recomienda el uso de guantes. Dejar actuar de 3 a 5 minutos. A mayor tiempo de exposición, más vivo queda el color. Enjuagar abundantemente con agua hasta que esta salga clara (no emplear champú). En caso de manchas en la piel, pueden eliminarse con un quitamanchas capilar o con un poco de champú y algodón.",,"Fórmula, Ingrediente, Beneficios"
CHAMPU WHITE & SILVER ELIMINA AMARILLO 1000MLUnidad,9502068808246911004,es,ES,WHITE & SILVER indicado para cabellos blancos y plateados. Neutraliza el tono amarillo. Rubios radiantes y luminosos.,,"Fórmula, Ingrediente, Beneficios"
CHAMPU BOTUGEN RECONSTRUCTOR PH6.5 1000MLUnidad,5225322309697791231,es,ES,"Fanola botugen champú reconstructor profesiona 1000 ml con un PH 6.5 con una fórmula especial libre de sulfato y sal añadida que lava delicadamente eliminando residuos e impurezas. Abre las escamas del cabello para una acción reestructurante dejándolo suave, hidratado, tonificado y voluminoso. Producto de la línea efecto ""Botox"" para la reconstrucción de los cabellos quebradizos y dañados Ingredientes principios activos: - Botolife - Queratina - Ácido hialurónico efecto ""Botox"" para la reconstrucción de los cabellos quebradizos y dañados MODO DE EMPLEO Aplicar la cantidad necesaria para hacer espuma, masajear delicadamente. Aclarar con agua. Repetir una vez más.",,"Fórmula, Ingrediente, Beneficios"
LENDAN CHAMPÚ NEUTRAL ALGAS GLYCOLIC 1000MLUnidad,8253361226553536553,es,ES,"Champú Neutral Algas Glycolic 1000 ml – Lendan Champú de uso frecuente diseñado para proporcionar una limpieza suave y eficaz del cabello y el cuero cabelludo, respetando su equilibrio natural. Su fórmula enriquecida con extractos de algas y ácido glicólico ayuda a eliminar impurezas, residuos y acumulaciones de productos, dejando el cabello limpio, fresco y revitalizado. Gracias a su acción purificante, contribuye a mantener el cabello ligero, suave y con un aspecto saludable, sin resecar la fibra capilar. Su formato profesional de 1000 ml es ideal para quienes buscan un producto de uso diario con un excelente rendimiento, tanto en el hogar como en salones de peluquería. Beneficios: Limpieza eficaz y respetuosa con el cuero cabelludo. Ayuda a eliminar residuos e impurezas acumuladas. Fórmula con extractos de algas y ácido glicólico. Aporta frescura y sensación de limpieza duradera. Deja el cabello suave, ligero y fácil de peinar. Adecuado para uso frecuente. Formato profesional de gran capacidad. Modo de empleo: Aplicar sobre el cabello húmedo, masajear suavemente hasta formar espuma y aclarar con abundante agua. Repetir la aplicación si es necesario. Formato: 1000 ml.** Ideal para uso profesional y doméstico. Cuidado diario para todo tipo de cabellos El Champú Neutral Algas Glycolic de Lendan ha sido desarrollado para ofrecer una limpieza equilibrada que ayuda a mantener el cabello en óptimas condiciones lavado tras lavado. Su fórmula está pensada para proporcionar una agradable sensación de confort durante la higiene capilar, contribuyendo a que el cabello conserve su aspecto natural y saludable. Su textura facilita una aplicación uniforme y una distribución homogénea por todo el cabello, favoreciendo una limpieza completa desde la raíz hasta las puntas. Además, ayuda a mantener la sensación de frescura en el cuero cabelludo y deja el cabello con un tacto suave y ligero. Gracias a su formato de 1000 ml, resulta una opción práctica y duradera para quienes buscan un producto de uso habitual con un excelente rendimiento. Es adecuado para incorporar a cualquier rutina de cuidado capilar y puede utilizarse como primer paso antes de la aplicación de mascarillas, acondicionadores u otros tratamientos específicos. La combinación de ingredientes seleccionados por Lendan permite disfrutar de una experiencia de lavado eficaz y agradable, aportando limpieza, suavidad y una sensación de bienestar en cada uso.",,"Fórmula, Ingrediente, Beneficios"
CHAMPU INVIGO BLONDE RECHARGE 250MLUnidad,2361078273346356046,es,ES,"CHAMPÚ POTENCIADOR DEL COLOR COOL BLONDE CON PIGMENTOS DE COLOR Refresca y mantiene el brillo y la intensidad del rubio natural o con mechas. Este champú violeta impide que el rubio natural o teñido amarillee. Ayuda a eliminar el efecto quemado, dejándolo suave al tacto. MODO DE EMPLEO: Aplicar sobre el cabello húmedo y hacer espuma. Dejar actuar entre 3 y 5 minutos. Aclarar abundantemente.",,"Fórmula, Ingrediente, Beneficios"
CHAMPU ANTI-ANARANJADO NO ORANGE 1000MLUnidad,3281900961108807312,es,ES,"Indicado para cabellos teñidos con tonos oscuros. Lava delicadamente y neutraliza los reflejos cobrizos y rojos indeseados, donando de brillo e hidratación el cabello. MODO DE EMPLEO Ponerse guantes desechables y aplicar a cabellos mojado. Masajear. Dejar actuar de 1 a 5 minutos . Emulsionar y enjuagar. Repetir la aplicación. No aplicar sobre cabellos decolorados ni con mechas. No mancha la piel.",,"Fórmula, Ingrediente, Beneficios"
Glossco CHAMPU PERFECT REPAIR 1000MLUnidad,6956137636272532815,es,ES,"Champú Perfect Repair Glossco 1000 ml. Reparador cabello. Champú nutritivo indicado para cabellos dañados, decolorados o porosos. Su fórmula reestructurante, con aminoácidos y proteínas, devuelve al cabello su aspecto natural. Contiene filtro solar protector de los rayos UV. Con aceite de argán. MODO DE EMPLEO Aplicar sobre el cabello húmedo hasta obtener una emulsión consistente. Aclarar cuidadosamente con agua abundante.",,"Fórmula, Ingrediente, Beneficios"
Keen Strok CHAMPU BAIN NUTRITIVE CAB.SECOS 1000MLUnidad,10663861529674909853,es,ES,Champú nutritivo para cabellos normales y secos. Su composición con aceite de macadamia y vitamina E nutren el cabello. Repara y sella la cutícula a varios niveles de profundidad con keratina. MODO DE EMPLEO Aplicar sobre el cabello mojado y emulsionar sobre el cuero cabelludo hasta obtener espuma. Aclarar abundantemente. Repetir la operación sobre todo el largo del cabello. Enjuagar.,,"Fórmula, Ingrediente, Beneficios"
Yunsey CHAMPU AROMATICO VEGAN MENTA Y JENGIBRE NEUTRO 1000MLUnidad,16854246814129183733,es,ES,"Depeluqueriaproductos os presenta el CHAMPU AROMATICO MENTA Y JENGIBRE NEUTRO YUNSEY 1000ML , suave y ligero que elimina totalmente los residuos del cabello. Es de PH neutro por lo que sirve para todo tipo de cabellos. Es una opción ideal para uso frecuente, dejando el cabello limpio y brillante , con el cual también disfrutaras de su aroma. Champús neuro suave y ligero que elimina eficazmente los residuos. Características Champu Aromatico MENTA Y JENGIBRE: Proporciona una agradable sensación de placer e intensificación de los sentidos. Los champús aromáticos de Yunsey Professional son una opción ideal para quienes necesitan un champú de uso frecuente, que deje el cabello limpio y brillante, con el hándicap de su delicioso aroma. Para uso profesional. MODO DE EMPLEO: Aplicar sobre el cabello húmedo y masajear suavemente durante 5-7 minutos. Aclarar. Depeluqueriaproductos.com somos especialistas en cabellos tanto de caballero como de mujer. Todos nuestros productos son de uso profesional. Las calidades de nuestros productos son inmejorables, y además trabajamos con primeras marcas. Nuestra Tienda On-line está especializada en productos del cuidado del cabello y de la piel, por ello somos su mejor elección.",,"Fórmula, Ingrediente, Beneficios"
Yunsey CHAMPU REPAIR ULTRANUTRITIVO 250MLUnidad,1549595278501452873,es,ES,"CHAMPÚ ULTRANUTRITIVO Champú con Vitamina E, antioxidante que protege la fibra capilar y Aceite de Jojoba que nutre en profundidad y recupera el brillo del pelo. Mejora la peinabilidad y fortalece el cabello notablemente, evitando el encrespamiento. ACTIVOS DESTACADOS GLICERINA: Activo humectante que evita la pérdida de agua del cabello, manteniendo su hidratación VITAMINA E: Ingrediente antioxidante que protege las fibras del cabello de su oxidación, evitando así el deterioro del color ACEITE DE JOJOBA: Aceite con propiedades emolientes y nutrientes idóneas para los cabellos secos y quebradizos. Nutre el cabello recuperándolo y aportando el manto lipídico que le es necesario. PROTEÍNAS DE SOJA: Contiene una composición equilibrada de péptidos, aminoácidos y sales minerales, que proporcionan actividad bioestimulante, aumentando la renovación y crecimiento de la fibra capilar. Propiedades acondicionadoras. PANTENOL: Es una vitamina del complejo B, también llamada provitamina B5. Tiene propiedades humectantes de larga duración, previniendo el deterioro del cabello, fortaleciéndolo y mejorando el brillo. MODO DE EMPLEO Aplicar sobre el cabello húmedo y masajear suavemente durante unos minutos. Aclarar abundantemente.",,"Fórmula, Ingrediente, Beneficios"
Yunsey CHAMPU AROMATICO MANGO NEUTRO 1000MLUnidad,8182796731900982517,es,ES,"Champú exclusivo para uso profesional. Acércate al mundo de lo natural a través de las exquisitas fragancias de los champús neutros. Su intenso aroma a mango proporciona una sensación placentera durante el lavado del cabello, aportando al mismo tiempo una intensificación de los sentidos.",,"Fórmula, Ingrediente, Beneficios"
Fanola MASCARILLA ANTI-AMARILLO NO YELLOW 1000MLUnidad,17616656289294800637,es,ES,"Mascarilla Anti-amarillo y antidesvanecimiento del color natural o cosmético. Indicado sobre cabellos rubios, grises, superaclarados y decolorados. Atenúa los reflejos amarillos sobre cabellos grises, sobre colores rubio claro y sobre mechas, gracias a su pigmento extra morado. MODO DE EMLPEO Después de lavar los cabellos con el champú anti-amarillo, ponerse guantes desechables y aplicar a los cabellos húmedos sobre largos y punta. Dejar actuar de 3 a 5 minutos. Enjuagar cuidadosamente.",,"Fórmula, Ingrediente, Beneficios"
Glossco MATIZADOR VERDE No 09 100MLUnidad,10801595428241942377,es,ES,"Gracias a la acción penetrante de sus micropigmentos y el aporte de lípidos nutrientes a la cutícula del cabello y el tratamiento de la fibra capilar desde la superficie hasta el córtex, consigue los efectos deseados en cada coloración. MODO DE EMPLEO Mezclar en un recipiente no metálico 100 ml de Coloración Clossco con 150 ml de oxigenada, aplicar con un pincel sobre cabellos secos, no lavados. Utilizar la técnica deseada con un tiempo máximo de exposición de 35 minutos.",,"Fórmula, Ingrediente, Beneficios"
Glossco MASCARILLA COLOR PLATINIUM NO ORANGE 100MLUnidad,9335380700853682713,es,ES,"COLOR BEAT LIVING HAIR COLOR REFRESCA, MEZCLA Y CUIDA TU CABELLO CON CADA NUEVO LOOK DE COLOR. CREA Y PERSONALIZA TU COLOR CON LOS TONOS FANTASÍA Y DELICIOSOS PASTELES. SUMÉRGETE EN UN UNIVERSO EN EL QUE CUALQUIER COLOR ES POSIBLE. Color Beat es la nueva coloración cosmética de Glossco Professional. Una coloración semipermanente en crema que aporta un tratamiento de nutrición total para tu cabello y le aporta un brillo y una suavidad extraordinarios. Tu cabello más sano que nunca con una coloración libre de amoníaco, sin peróxido, sin sulfatos y libre de PPD. Enriquecida con aceite de Gardenia y Coco, la coloración Color Beat hidrata, nutre y suaviza tu cabello como si de una mascarilla capilar reestructurante se tratara. Este complejo oleoso compuesto de triglicéridos conserva una elevada afinidad con las proteínas del cabello y, debido a su bajo peso molecular y a su estructura de cadena lineal, es capaz de penetrar las capas más profundas de las fibras capilares. COLORACIÓN VIVA Colores vivos, refrescos y tonos fantasía. En 100 ml. REFRESH Básicamente imprescindibles. Revitaliza el color entre tintes, da vida a tu cabello y cuídalo con un extra de nutrición y brillo. Siete tonos basic refrescan el color de tu cabello de una forma única. Sin agentes químicos agresivos. Libres de PPD, amoníaco y sulfatos. Rubio auténtico, tentador chocolate, cobre enérgico, rojo escarlata y castaño y negro... Una paleta de color que se complementa con los platinos correctores, no yellow y no orange, que neutralizan los indeseados amarillos de rubios extraclaros y platinos. MODO DE EMPLEO Aplicar directamente sobre el cabello lavado y secado con una toalla. Distribuir la crema por el cabello con un peine, con los dedos o con bol y paletina. Se recomienda el uso de guantes. Dejar actuar de 3 a 5 minutos. A mayor tiempo de exposición, más vivo queda el color. Enjuagar abundantemente con agua hasta que esta salga clara (no emplear champú). En caso de manchas en la piel, pueden eliminarse con un quitamanchas capilar o con un poco de champú y algodón.",,"Fórmula, Ingrediente, Beneficios"
Keen Strok CHAMPU BAIN GRAS ANTI GRASA 1000MLUnidad,15574056357506671105,es,ES,Champú específico para cabellos grasos. Restablece el equilibrio dérmico del cuero cabelludo y elimina la grasa. Ácido salicilico regulador de grasa + mentol refrescante + extracto de romero purificante. MODO DE EMPLEO Aplicar sobre el cabello mojado y emulsionar hasta obtener espuma. Aclarar abundantemente. Repetir la operación en todo el largo del cabello. Aclarar.,,"Fórmula, Ingrediente, Beneficios"
MASCARILLA FUNNY FRESA 200MLUnidad,17183740238362890555,es,ES,"Liheto Funny Mascarilla Capilar Aloe Vera 200ml Mascarilla con alto poder antioxidante para todo tipo de cabellos. Hidrata el cabello dejándolo suave y brillante. Formulada con un rico aroma a fresa. MODO DE EMPLEO Después de lavar al cabello, secar con toalla. Aplicar el producto sobre medios y puntas. Masajear para repartir bien el producto. Dejar actuar unos 5 minutos y enjuagar.",,"Fórmula, Ingrediente, Beneficios"
LENDAN CARE SERIES ULTRA REPAIR RECOVERY 6X10ML (PACK)Unidad,13556233610470377230,es,ES,"Lendan Care Series Ultra Repair Recovery 6 x 10 ml Resumen corto Lendan Care Series Ultra Repair Recovery 6 x 10 ml es un tratamiento intensivo en ampollas diseñado para reparar, nutrir y fortalecer el cabello dañado desde el interior de la fibra capilar. Su fórmula concentrada combina células madre de origen vegetal, ceramidas, provitamina B5 y vitamina E para restaurar la resistencia, mejorar la elasticidad y devolver el brillo natural al cabello. Además, ayuda a controlar el encrespamiento y protege frente a futuras agresiones externas. Gracias a su elevada concentración de activos, los resultados son visibles desde la primera aplicación y pueden mantenerse durante varios lavados.",,"Fórmula, Ingrediente, Beneficios"
Fanola MASCARILLA ANTI-AMARILLO NO YELLOW 350MLUnidad,6245908672199319127,es,ES,"Mascarilla Anti-amarillo y antidesvanecimiento del color natural o cosmético. Indicado sobre cabellos rubios, grises, superaclarados y decolorados. Atenúa los reflejos amarillos sobre cabellos grises, sobre colores rubio claro y sobre mechas, gracias a su pigmento extra morado. MODO DE EMLPEO Después de lavar los cabellos con el champú anti-amarillo, ponerse guantes desechables y aplicar a los cabellos húmedos sobre largos y punta. Dejar actuar de 3 a 5 minutos. Enjuagar cuidadosamente.",,"Fórmula, Ingrediente, Beneficios"
CHAMPU BAIN ULTRA VIOLETA 1000MLUnidad,4793636779402653632,es,ES,"Este champú violeta es rico en agentes neutralizantes para eliminar de forma instantánea los reflejos amarillos. Ideal para rubios fríos y cabellos grises, el uso regular de este champú proporciona una protección antiamarilleamiento, manteniendo los rubios fríos durante más tiempo. Protege el cabello de la oxidación diaria y de la contaminación, restaurando el brillo y la suavidad. Enriquecido con una combinación de ácido hialurónico y flor de Edelweiss, el producto potencia la luminosidad del rubio mientras nutre intensamente la fibra. Neutraliza instantáneamente tonos amarillentos indeseados. Proporciona un cabello 94% más fuerte combinando con Cicaflash. Elimina impurezas y partículas de contaminación. Repara la superficie de la fibra hasta un 46% cuando se combina con Cicaflash.",,"Fórmula, Ingrediente, Beneficios"
Glossco MASCARILLA COLOR REAL BLONDE 100ML.Unidad,11832623173852065958,es,ES,"COLOR BEAT LIVING HAIR COLOR REFRESCA, MEZCLA Y CUIDA TU CABELLO CON CADA NUEVO LOOK DE COLOR. CREA Y PERSONALIZA TU COLOR CON LOS TONOS FANTASÍA Y DELICIOSOS PASTELES. SUMÉRGETE EN UN UNIVERSO EN EL QUE CUALQUIER COLOR ES POSIBLE. Color Beat es la nueva coloración cosmética de Glossco Professional. Una coloración semipermanente en crema que aporta un tratamiento de nutrición total para tu cabello y le aporta un brillo y una suavidad extraordinarios. Tu cabello más sano que nunca con una coloración libre de amoníaco, sin peróxido, sin sulfatos y libre de PPD. Enriquecida con aceite de Gardenia y Coco, la coloración Color Beat hidrata, nutre y suaviza tu cabello como si de una mascarilla capilar reestructurante se tratara. Este complejo oleoso compuesto de triglicéridos conserva una elevada afinidad con las proteínas del cabello y, debido a su bajo peso molecular y a su estructura de cadena lineal, es capaz de penetrar las capas más profundas de las fibras capilares. COLORACIÓN VIVA Colores vivos, refrescos y tonos fantasía. En 100 ml. REFRESH Básicamente imprescindibles. Revitaliza el color entre tintes, da vida a tu cabello y cuídalo con un extra de nutrición y brillo. Siete tonos basic refrescan el color de tu cabello de una forma única. Sin agentes químicos agresivos. Libres de PPD, amoníaco y sulfatos. Rubio auténtico, tentador chocolate, cobre enérgico, rojo escarlata y castaño y negro... Una paleta de color que se complementa con los platinos correctores, no yellow y no orange, que neutralizan los indeseados amarillos de rubios extraclaros y platinos. MODO DE EMPLEO Aplicar directamente sobre el cabello lavado y secado con una toalla. Distribuir la crema por el cabello con un peine, con los dedos o con bol y paletina. Se recomienda el uso de guantes. Dejar actuar de 3 a 5 minutos. A mayor tiempo de exposición, más vivo queda el color. Enjuagar abundantemente con agua hasta que esta salga clara (no emplear champú). En caso de manchas en la piel, pueden eliminarse con un quitamanchas capilar o con un poco de champú y algodón.",,"Fórmula, Ingrediente, Beneficios"
CHAMPU PROTECTOR ANTIENCRESPAMIENTO 300ML TAHEUnidad,11882877085604217324,es,ES,"Champú protector cabellos opacos o teñidos Gold Protein Antiencrespamiento Champú para cabellos opacos, teñidos o con mechas El champú para cabellos teñidos de Gold Protein aporta nutrientes naturales con una doble acción: proteger y restaurar el brillo, la suavidad y la flexibilidad de la fibra capilar. Características de este champú Brillo. Antiencrespamiento. Control del encrespamiento. Fórmula lavante suave, ideal para cabellos opacos, teñidos o con mechas. Fórmula vegana. MODO DE EMPLEO Sobre cabello húmedo, aplicar cantidad necesaria y masajear suavemente. Aclarar con abundante agua. Repetir la operación si fuera necesario.",,"Fórmula, Ingrediente, Beneficios"
ACONDICIONADOR KODE VOLM VOLUMEN 500MLUnidad,15469291376596015736,es,ES,"Acondicionador especialmente diseñado para aportar un extra de volumen al cabello y eliminar el encrespamiento. Formulado a base de extracto de pepino, aceite de marula y un activo derivado de las proteínas del trigo que proporciona volumen y favorece la hidratación y acondicionamiento del cabello. MODO DE EMPLEO Lavar el cabello con el champú Kode VOLM y retirar el exceso de agua con una toalla. Aplicar el acondicionador de medios a puntas. Dejar actuar de 2 a 5 minutos. Aclarar con abundante agua.",,"Fórmula, Ingrediente, Beneficios"
Periche CHAMPU KODE KLOR COLOR 500MLUnidad,3863368137028472463,es,ES,"Champú de color, para cabellos teñidos o decolorados. Rico en vitaminas y con aceite de macadamia que evita la destrucción y deshidratación del cabello teñido por efecto del sol. MODO DE EMPLEO Aplicar sobre el cabello mojado, masajear durante unos minutos y aclarar.",,"Fórmula, Ingrediente, Beneficios"
Hipertin CHAMPU BUBBLY 5000MLUnidad,131427674965399550,es,ES,"El Champú Bubbly tiene un pH de 6,5 a 7, por lo que es considerado neutro. Mantiene inalterable el estado natural del cabello y el cuero cabelludo. No irrita el cuero cabelludo, aporta brillo y elasticidad, confiere al cabello un tacto sedoso y tiene un agradable olor a Coco. USO: Aplicar una pequeña cantidad de Champú Bubbly sobre el cabello mojado y el cuero cabelludo. Masajear con movimientos circulares de los dedos hasta hacer espuma y enjuagar. Para una mayor efectividad, repetir la aplicación dejando que el champú actúe unos minutos. Para finalizar el proceso aclarar con abundante agua.",,"Fórmula, Ingrediente, Beneficios"
